CoÅ¾e?,Arch
VrÃ¡na pikle zlobÃ­ ,NocniDuha
VÄera jsem se na to...,Nedostudovany
Nekdo je tu pekny rypalğŸ˜‰,PatricieBohony
"Dnes ale nebyla 3 slova, nikde jsem si jich nevÅ¡imla .",Buresova_M
To jsem to ale zvojtil.,DamianVCechov
DamiÃ¡n a jeho poradnÃ­ tÃ½m jsou Å¡ikulkyâ¤ï¸,PolulinaP
ğŸ¤¨,PatricieBohony
VÄera jsem vyhrÃ¡l! TrvÃ¡m na opakovÃ¡nÃ­ ceremoniÃ¡lu!,Arch
ğŸ‘,Zu
ğŸŒ·ğŸª»ğŸŒ¼,PolulinaP
DÄ›lÃ¡Å¡ to bÃ¡jeÄnÄ› ğŸ˜˜ğŸ˜,klara_kafkova
"Fantasticka tabulka, jako obvykle",Zu
ProÄ????,PatricieBohony
ZapomnÄ›l ğŸ™ˆ,Arch
"Jela jsem podle slov na stÅ™edu, ale zaÄala slovem chaosğŸ˜‡",PolulinaP
Haluz,JStudynka
a jÃ¡ mÃ­sto toho dal BÄšLIT...,michal_recz
Damiane jste nejvÃ­c nejlepÅ¡Ã­!,Ivar
Ne vÅ¡e co dÄ›lÃ¡ rachot v kÅ™ovÃ­ u cesty se na ni skuteÄnÄ› objevÃ­ (africkÃ¡ moudrost) ğŸ™‚,PolulinaP
"Tak se jmenuje ta mÃ­stnÃ­ pyromanka, baba jedna, dÄ›lÃ¡ neplechu vÅ¡ude. ğŸ¤¦ğŸ»â€â™€ï¸",NocniDuha
Grrr,PatricieBohony
ğŸ¥³,Zu
ÃšplnÄ› jsem vyhoÅ™el ğŸ«¤,JStudynka
BanÃ¡nek v ÄokolÃ¡dÄ›,Ivar
"NÃ¡zor, nÃ¡dor, nÃ¡borâ€¦ ğŸ™ˆ",Arch
"chybÄ›l mi Å™Ã¡dek, odpor, zÃ¡por... uÅ¾ by to vyÅ¡lo :-)",Buresova_M
Z hlav se setnou ty co pÅ™eÄnÃ­. Zato prÅ¯mÄ›rnÃ­ jsou vÄ›ÄnÃ­. (JiÅ™Ã­ Å½Ã¡Äek) ,PolulinaP
"Marshmallow, rÅ¯Å¾ovo-bÃ­lÃ©",Ivar
TvlğŸ¤¨,PatricieBohony
"VÃ½bornÃ¡ ÄevenÃ¡ paprika, mÅˆam.",Ivar
Zase topÃ­m.,Ivar
"Je smutnÃ© utÄ›Å¡ovat se myÅ¡lenkou, Å¾e jinÃ­ jsou na tom hÅ¯Å™. (Oscar Wilde).  Ale poteÅ¡Ã­ to ğŸ˜‡ (Polulinky dodatek) ",PolulinaP
Proti Äasu protestuji!,JStudynka
MÃ¡ pamÄ›Å¥ nenÃ­ dostateÄnÄ› integrovanÃ¡. ÄŒas je pÅ™ibliÅ¾nÃ½.,PetrMaurer
"ZapomnÄ›l jsem PIN, ale uÅ¾ ho vÃ­m.",Ivar
"MatouÅ¡ 5:3-12 BKR BlahoslavenÃ­ chudÃ­ duchem, nebo jejich jest krÃ¡lovstvÃ­ nebeskÃ©.",PolulinaP
Jak pÅ™Ã­znaÄnÃ© pro mÄ›. ZaÄÃ­nat svÃ½m jmÃ©nem a konÄit tÃ©mÄ›Å™ pÅ™Ã­jmenÃ­m ğŸ˜…,klara_kafkova
JÃ¡ blbec! ğŸ™ˆ,Arch
Ja mam pondeli!ğŸ¤¦â€â™€ï¸,PatricieBohony
ÄŒas si opÄ›t nepamatuji pÅ™esnÄ›.,PetrMaurer
Cukrbliky,Arch
Pokus ÄÃ­slo 2,DonPandero
To je ale krÃ¡snÃ© ÄeskÃ© slovo.,NocniDuha
"ğŸ®jsem jeÅ¡tÄ› nemÄ›la, snad mi ji nikdo nevyfoukne ğŸ˜",freakyblonde
To je jako krÃ¡mek bez K? ğŸ¤£ğŸ¤”,NocniDuha
ğŸ¦¾,DonPandero
"Marnost nad marnost, nic neÅ¾ marnost (Å alamoun) ",PolulinaP
"ProsÃ­m, jÃ¡ tam chciğŸ™ğŸ¤£",LucieKpax
"ÄŒÃ­m vÃ½Å¡ vzlÃ©tneme tÃ­m menÅ¡Ã­ se zdÃ¡me tÄ›m, kteÅ™Ã­ nedovedou lÃ©tat (Friedrich Nietzsche) ",PolulinaP
Kompliment,Arch
DÃ­k,Ivar
"ÄŒlovÄ›k, na nÄ›jÅ¾ nadÃ¡vajÃ­ blbci, je hoden dÅ¯vÄ›ry. (Jean Paul Sartre) ",PolulinaP
DÃ­k,Ivar
"KdyÅ¾ dospÄ›la lenost k mozku, uÅ¾ je pozdÄ› na rÃ¡kosku. JiÅ™Ã­ Å½Ã¡Äek ğŸ˜",PolulinaP
"NeÅ¡lo hÃ¡dat jinak, bo jsem levÃ¡k ğŸ˜",klara_kafkova
KrÃ¡tkÃ½ kompliment ğŸ˜‡,NocniDuha
DÃ­ky,Ivar
FÅˆuk,PolulinaP
"KoukÃ¡m, Å¾e vÄerejÅ¡Ã­ vÃ½sledek jsem nezapsala ğŸ™ˆ",freakyblonde
UÅ¾ zase zapomnÄ›l ğŸ™ˆğŸ™ˆğŸ™ˆ,Arch
"ÄŒas nepochybnÄ› mÃ¡m, ku pÅ™Ã­kladu 4 min. Slovo uÅ¾ si nepamatuji. (NedostateÄnÃ¡ integrita pamÄ›ti.)",PetrMaurer
Toto je sprÃ¡vnÃ¡ odpovÄ›Ä. Ta s 35s neplatÃ­. Jsem dneska nÄ›jakÃ¡ RoztrÅ¾itÃ¡.,RoztrÅ¾itÃ¡
"Zitra ne v planu cmunda, tak se snazte!ğŸ™‚",PatricieBohony
ğŸ˜Š,Arch
NÄ›kterÃ© skvrny nejde vyÄistit bez poruÅ¡enÃ­ podstaty lÃ¡tky. (Bohumil Hrabal) ,PolulinaP
Zadal ,IMinhova
ğŸ¥³,Zu
"Chjo, jsem se nesoustÅ™edila ğŸ¤¦â€â™€ï¸",freakyblonde
"JÃ¡ chci medailiğŸ¥‡HezkÃ½ den, DamÃ­",LucieKpax
Tak to se ÃºplnÄ› nepovedlo ğŸ™„ğŸ¤ª,PolulinaP
ğŸ˜Š,Arch
ExcelovskÃ© tabulky jsou tak vzruÅ¡ujÃ­cÃ­!,Zu
FÅˆuk ğŸ˜“,RoztrÅ¾itÃ¡
ğŸ˜Š,Arch
"Lucerna je moje, Moje, MOJEâ˜ï¸ğŸ’ª",PolulinaP
ja pierdole ,DonPandero
Incredible me!,Zu
"â€VÅ¡ak lÃ©pe v mylnÃ© nadÄ›ji snÃ­ti, pÅ™ed sebou Äirou temnotu, neÅ¾li budoucnost odhaliti, straÅ¡livou poznati jistotu!â€œ  (K. J. Erben, Å tÄ›drÃ½ den, Kytice) ",PolulinaP
ÄŒÃ­m dÃ¡l tÃ­m lÃ­p ğŸ¤¦ğŸ»â€â™€ï¸,RoztrÅ¾itÃ¡
Budoucnost patÅ™Ã­ aluminiu! ,NocniDuha
Snaha byla ğŸ˜,RoztrÅ¾itÃ¡
"Ale jen tak, na tajÅˆaÄku.",Ivar
KozÃ¡k koÅ¡Ã­k komik. Shit. ,Zu
Good job! A jak je to barevnÃ© ğŸ¤©,JStudynka
PenÃ­ze. Spousta penÄ›z pro tebe. ğŸ‘,Arch
ğŸ˜œ,freakyblonde
"""Je tÄ›Å¾kÃ© bÃ½t debilem, protoÅ¾e konkurence je obrovskÃ¡"" Miroslav HornÃ­Äek",PolulinaP
"Co, proÄ a jak - zelenÃ¡ fajfka ve vÃ½slednÃ© tabulce??",Ivar
Komik mi Å¡el mnohem lÃ­pâ€¦ ğŸ¤·â€â™‚ï¸,Arch
RÃ¡da pÃ­Å¡u poznÃ¡mky,Zu
"""LepÅ¡Ã­ pivo v Å¾aludku, neÅ¾ voda na plicÃ­ch"" JÃ¡ra Cimrman",PolulinaP
NezapomnÄ›l! TÅ™ikrÃ¡t slÃ¡va!,Arch
HroznÃ¡ slova,Ivar
Jsem struÄnÃ¡ğŸ¤£,LucieKpax
Ostuda vÅ¡ech ostud,RoztrÅ¾itÃ¡
SprÃ¡vnÃ© je poÅ™adÃ­ podle poÄtu Å™Ã¡dkÅ¯.,PetrMaurer
StÅ™edeÄnÃ­ vÃ½zva sucks,Zu
ğŸ˜˜,RoztrÅ¾itÃ¡
"BohÅ¯Å¡u, ÄurÃ¡k sa neÅ™Ã­kÃ¡. VÅ¾dyÅ¥ ja vÃ­m.",Ivar
Asi bych mÄ›la chodit ÄastÄ›ji a nespolÃ©hat jen na Å¡kolnÃ­ obÄ›dy ğŸ˜…,klara_kafkova
Tak snad to cinkne,HrubantJan
ğŸ‡¨ğŸ‡¿â•ï¸,Zu
Hanba mÄ› fackuje!,PolulinaP
LeÄo lÃ©ÄÃ­ i na druhÃ©m Å™Ã¡dku.,Ivar
3. Å™Ã¡dek !,PetrMaurer
"Amiane, Amiane, dÄ›kuji vÃ¡m,svatÃ½ DamiÃ¡ne! ",Zu
"Nehraj, kdyz mÃ¡Å¡ v krviğŸ™ˆ",PatricieBohony
"Zima, velkÃ¡ zima.",Ivar
Krok 4 !,PetrMaurer
"Banner s poznÃ¡mkama je boÅ¾Ã­! Budu sem psÃ¡t samÃ© krÃ¡snÃ© vÄ›ci, slibuju. ",Zu
Muhehe,DamianVCechov
PÃ½Å™it ani pÃ­dit to nebylo. ğŸ¤·â€â™‚ï¸ğŸ˜¤,Arch
Po dneÅ¡ku teda pÄ›nÃ­m fest!,RoztrÅ¾itÃ¡
"Å½ivot je neobratnÄ› sestavenÃ¡ hostina, pÅ™i nÃ­Å¾ se netrpÄ›livÄ› ÄekÃ¡ na pÅ™edkrm, zatÃ­mco kolem pÅ™eÅ¡la v tichu hlavnÃ­ peÄenÄ› Franz Kafka",PolulinaP
"Kapuca na hlavkÄ›, prÃ¡zdno v nÃ­.",Ivar
"Jsi Å¡ikovnÃ½, DamiğŸ¦„",LucieKpax
ProÄ jÃ¡? ProÄ zrovna jÃ¡?,DonPandero
KdyÅ¾ mÃ¡lo je dost.,Ivar
"BuÄme vdÄ›Äni zato, Å¾e existujÃ­ blbci. Bez nich bychom nemohli vyniknout.",DamianVCechov
"Za co odsoudili Feriho, za to bychom v â€˜90 sedÄ›li vÅ¡ichni.",Arch
"VÃ½plod chorÃ©ho mozku nemusÃ­ bÃ½t vÅ¾dycky nesmysl, protoÅ¾e vÃ­me ze zkuÅ¡enosti, Å¾e vÃ½plod zdravÃ©ho mozku se Äasto projevÃ­ co neskonalÃ¡ blbost.â€œ  Jan Werich",PolulinaP
ğŸ¤¦ğŸ»â€â™€ï¸,klara_kafkova
Jsem tatar ğŸ™ˆğŸ¤£,JohnAngel_47
JÃ¡ celej Å¾ivot Å¡etÅ™im. JÃ¡ si utrhuju od huby. JÃ¡ se na to ... ,DonPandero
L* a* b*,Zu
"NÄ›kterÃ¡ slova jsou tak zÅ™ejmÃ¡, Å¾e je slozitÃ© na nÄ› pÅ™ijÃ­t.",JStudynka
Co bych vidÄ›l v zrcadle z Erisedu?,Ivar
JeÅ¡tÄ› jednou dÄ›kuji ğŸ˜˜ğŸ˜,klara_kafkova
jsem pomalÃ½ Å¡neÄek,RoztrÅ¾itÃ¡
VÃ­ce pÃ­ce republice.,JStudynka
Cokoliv poetickÃ©ho,Zu
"Budu zpÃ­vat budu hrÃ¡t, protoÅ¾e jsem kamarÃ¡d.",Ivar
:-),Zu
StÅ™eda twl ğŸ™ˆ,Arch
"Proc? Proc mi zas nikdo nerekl, ze je streda??",PatricieBohony
"KrÃ¡tkÃ¡ poznÃ¡mka. PoetickÃ¡, pochopitelnÄ›. ",Zu
Nebo to byl posun?ğŸ¤¨ğŸ™„,PatricieBohony
Je mi trapnÄ› ğŸ™„,PolulinaP
Maminko a tatÃ­nku koupÃ­me si bedÃ½nku. ,Ivar
DÄ›lejte si dÄ›ti. â˜ï¸ğŸ˜,Arch
"Pod vedenÃ­m ideÃ¡lÅ¯ VladimÃ­ra IljiÄe, dovedem tuhle zemi tak akorÃ¡t do ****!",Zu
"Kdo si hraje, nezlobÃ­.",DamianVCechov
HladovÃ½ sere sytÃ©ho.,Ivar
Nic mÄ› nepadÃ¡ğŸ¤©,LucieKpax
"Å patnÃ­ lidÃ© se rodÃ­ z tÄ›ch, kteÅ™Ã­ si myslÃ­, Å¾e jsou lepÅ¡Ã­; jen zÅ™Ã­dkakdy vÅ¡ak povstÃ¡vajÃ­ z tÄ›ch, kteÅ™Ã­ jsou dobÅ™Ã­.",Ivar
Moje poznÃ¡mky se skoro nikdy neobjevujÃ­ :-(,Zu
ğŸ¦ŠğŸ¦ŠğŸ¦Š,DamianVCechov
MÃ¡m vÃ¡s rÃ¡da a tak vÃ¡m kreslÃ­m hezkÃ© obrÃ¡zky!,RoztrÅ¾itÃ¡
KrÃ¡snÄ› kvetou a vonÃ­ Å¡eÅ™Ã­ky. ,Zu
Sami sebe vaporizovat. LÃ¡kavÃ¡ myÅ¡lenka.,Ivar
Å tÄ›stÃ­ berou mnozÃ­ jako zaslouÅ¾enou odmÄ›nu. A pÅ™itom mÄ›li jen Å¡tÄ›stÃ­.,Ivar
E=mcÂ²,DamianVCechov
Å½eby bednağŸ™€,PolulinaP
ğŸ˜¤ğŸ˜¤ğŸ˜¤,JStudynka
NaÄÃ­nÃ¡m druhÃ© stokusovÃ© balenÃ­ smrkÃ¡ÄkÅ¯ a chci umÅ™Ã­t.,Ivar
ÄŒarodÄ›jnice!,Zu
Kde dlÃ­Å¡? ,DamianVCechov
DÄ›kujÃ­ğŸ¦„,LucieKpax
"Mno, myslÃ­m si skromnÄ›, Å¾e jsem nevybrala ta nejhorÅ¡Ã­ slova ğŸ˜",PolulinaP
Ani ti nejmoudÅ™ejÅ¡Ã­ nedohlÃ©dnou do vÅ¡ech koncÅ¯.,Ivar
Tak tentokrat byla stÅ™edeÄnÃ­ slova naprosto vynikajÃ­cÃ­. ,Zu
"NenÃ­ dÅ¯leÅ¾itÃ© vyhrÃ¡t, ale pocit je to dobrÃ½.ğŸ˜",DamianVCechov
Dami a Duha jsou jedniÄkyğŸ«¶,LucieKpax
UÅ¾ je zase stÅ™eda????ğŸ¤¨ğŸ™„,PatricieBohony
Oddech,Ivar
"Taky jsem se na to mohla vysrat, Å¾ejo ğŸ˜‚",PolulinaP
"To jsou nekdy slova, vÃ¡Å¾nÄ› ğŸ¤ª",Zu
Vrrrrrrrrrrrrrrrrrrrrrrrrr,Arch
StÃ¡le ÄekÃ¡m,DamianVCechov
KlidnÃ½ stÅ™ed tabulky je mÅ¯j cÃ­l!,JStudynka
A odteÄ se budu opravdu uÄit. Slibuju. ,Zu
KolÃ¡Äky a cigÃ¡ro - bude dobÅ™e nastÃ¡lo.,Ivar
NemÃ¡m rÃ¡d lidi.,DamianVCechov
"MÅ¯j sen, vlastnit antikvariÃ¡t, dostal trhlinu.",Ivar
"Odraz, doraz, tvl.  PODRAZ",Zu
May the fourth be with you!,NocniDuha
Je mi smutno.,DamianVCechov
"Drink, drank, drunkâ€¦ NevÅ¡Ã­mejte si mÄ›â€¦",Arch
PlÃ¡ny revanÅ¡istÅ¯ zhatÃ­ naÅ¡i vepÅ™i boubelatÃ­!,Ivar
Na Havrana to staÄÃ­ ğŸ˜€,JStudynka
Za vÅ¡e mÅ¯Å¾u jÃ¡. ,DamianVCechov
" No, dneÅ¡nÃ­ slovo mÄ› nepotÄ›Å¡ilo. Jdu si nalÃ­t nÄ›co k pitÃ­. ",Zu
Coby abstinent jsem dnes opravdu znevÃ½hodnÄ›na!,RoztrÅ¾itÃ¡
Jak Å™Ã­kÃ¡m - dobrÃ½ den!,Ivar
Tak dneska to nestaÄÃ­ ani na havrana. ,Zu
UÅ¾ se to blÃ­Å¾Ã­ ,DamianVCechov
"AÅ¾ budu mÃ­t v bance penÄ›z jak Å¾elez, ou penÄ›z jak Å¾elez, zajedu si lodÃ­ do Los Angeles.",Ivar
Elon je zadnÃ­ pÅ¯lka vola,DamianVCechov
PostÅ™eh! ,Zu
Dneska by to Å¡lo ğŸ˜‰,PatricieBohony
Arch - mrtvola.,JStudynka
Toto neni spam!,LucieKpax
"VztÃ¡vej semÃ­nko holala, bude z tebe fiala",Ivar
"Tak tudy ne, pÅ™Ã¡telÃ© â˜ï¸ğŸ¤ª",PolulinaP
JÃ­dlo - dobrÃ½ slovo,Zu
ech,DamianVCechov
"Kdo zpÅ¯sobil,,Å¾e i nÃ¡ÄelnÃ­k vydÃ¡val tak zvrÃ¡cenÃ© rozkazy? ğŸ§",Arch
Arch  - mrtvola ğŸ˜¤ğŸ¤¬,JStudynka
VÅ¡echny krmim a sama pÃ¡dlujuğŸ˜›,PatricieBohony
Lux Aeterna,Ivar
KterÃ½ blbec to slovo vymyslel? ğŸ¤¯,PolulinaP
Drink a chipsy. Tvl ğŸ¤¦ğŸ»â€â™€ï¸,Zu
Milujte mÄ› a mnoÅ¾te mÄ›!,Arch
"PÅ™Ã­Å¡tÄ› pÅ™ijdu, aÅ¾ se budou hÃ¡dat zase ÄeskÃ¡ slova ğŸ¤¦ğŸ»â€â™€ï¸",klara_kafkova
No toto ğŸ¤¨,PatricieBohony
"VypadÃ¡ to, Å¾e inputy jsou oÅ¡etÅ™eny proti XSS :-)",3000Promluvil
Milujte mÄ› a mnoÅ¾te mÄ›!,Arch
nic,Ivar
Milujme mÄ› a mnoÅ¾me mÄ›! ,Arch
"JednÃ¡ dvÄ›, jedna dvÄ›, trubka si jde pro tebe ğŸ˜",RoztrÅ¾itÃ¡
... pÅ¯lnoc smrti hvÄ›zda mÃ©ho obzoru ...,Ivar
DneÅ¡nÃ­ (tj. 11. 5. 2024) ostruÅ¾iny z LIDLu jsou naprosto luxusnÃ­. ğŸ’œğŸ‘Œ,NocniDuha
ğŸ‘‹,Zu
Nejsme tady sami.,DamianVCechov
NaÅ¡e Å¾ivoty jsou truchlivÃ© jak plÃ¡Ä,Ivar
TakovÃ¡ slova zÃ¡sadnÄ› odmÃ­tÃ¡m.,JStudynka
Jednou k veÄeru Å¡el z herny mladÃ½ hrÃ¡Ä,Ivar
"Toto je tÅ™eba poznÃ¡mka, kterÃ¡ se ukÃ¡Å¾e ve fialovÃ©m banneru. ",Zu
Kdo je ÃrÄÃ­? ğŸ˜› A co to je banner? ğŸ™ˆ,Arch
KdyÅ¾ je to normÃ¡lnÃ­ ÄeskÃ© slovo tak to jde.,JStudynka
WowğŸ‘,LucieKpax
... venku snÄ›Å¾ilo nad monstrancemi barÅ¯ ...,Ivar
DÄ›kujeme za dalÅ¡Ã­ zlepÅ¡ovÃ¡Äky â¤ï¸â¤ï¸,PolulinaP
Vy jste hraÄiÄka ğŸ˜‰ super!! â¤ï¸,TonyV
"Dami, jÃ¡ tÄ› Å¾eru. Moc pÄ›knÄ› to dÄ›lÃ¡Å¡! ",Zu
To jsou mi manÃ½ry ğŸ˜,DamianVCechov
"Damiane, jÃ¡ ti tleskÃ¡m. Jsi borec!",PatricieBohony
"To jsou mi ale manÃ½ry, takovÃ¡ slova.",michal_recz
:-),3000Promluvil
Ty jsi tak Å¡ikovnÃ½. ğŸ¥°,Arch
OdmÃ­tÃ¡m hrÃ¡t dle zlomyslnÄ› vymyÅ¡lenÃ½ch slov. ,NocniDuha
... vzduch byl vlhkÃ½ neboÅ¥ chÃ½lilo se k jaru ...,Ivar
Milimetre schÃ¡dzali! ğŸ¤¦â€â™‚ï¸,Arch
Kill him.,JStudynka
ÃrÄÃ­k mÄ› nedostal ğŸ˜‹,PolulinaP
"ZabÃ­t, zabÃ­t, zabÃ­t, zabÃ­t, zabÃ­*, zab**, za***, z****, *****",Zu
"DamiÃ¡ne, jÃ¡ tÄ› miluju ğŸ˜˜",RoztrÅ¾itÃ¡
"ZÃ¡vÄ›r, zÃ¡vÄ›s, zÃ¡vÄ›Å¥, zÃ¡vÄ›JJJJJ  MILUJU ÄŒEÅ TINU!!!",Buresova_M
Viva la revoluciÃ³n! ,Ivar
DamiÃ¡ne jsi boÅ¾Ã­!,RoztrÅ¾itÃ¡
"Teda, vy jste ale srabi! VÃ½bÄ›r stÅ™edeÄnÃ­ch slov se vÃ¡m nelÃ­bil, ale vÅ¡ichni jste je odehrÃ¡li. ğŸ™ˆ To je houby rebelie! ",NocniDuha
PÅ™eklepy ğŸ¤¯,Zu
Ty ikonky ğŸ˜ğŸ‘Œ,PolulinaP
A vÅ¯bec - druhÃ½ pokus o zapsÃ¡nÃ­.,Ivar
CibulovÃ© krouÅ¾ky,Zu
Nechci fajfku! ğŸ˜±,Arch
ğŸ˜,michal_recz
Krutibrko!,Ivar
"TeÄ, v kvÄ›tnu?",JStudynka
PrÃ¡ce Å¡lechtÃ­. â˜ï¸,Arch
Cokoliv poetickÃ©ho. ,Zu
"TÄ›Å¾kÃ¡ zimnÃ­ bunda opranÃ¡ a schovanÃ¡, takÅ¾e ... zima skonÄila!",Ivar
"â€NedÄ›lej jinÃ©mu, co Ti nemilo! JedinÄ› â€“ Å¾e by se mu to lÃ­bilo!â€œ S.J. Lec",DamianVCechov
"Nevim, jestli sem se nezapsala dvakrat. Taky jsem roztrÅ¾itÃ¡.",Zu
Rozbalte ÄervenÃ½ koberec!ğŸ™‚,PatricieBohony
"Nu coÅ¾, vÅ¡echno je jednou poprvÃ©.",Ivar
Magie je vÄ›da jako kaÅ¾dÃ¡ jinÃ¡. ChybÄ›jÃ­cÃ­ ÄlÃ¡nek v teorii vÅ¡eho.,DamianVCechov
NeznÃ¡mğŸ«£,LucieKpax
Uffff ğŸ¤ª,PolulinaP
Aero mouse - co je to?,Ivar
Dali by mi ÃºvÄ›r na povinnÃ© ruÄenÃ­?ğŸ¤”,DamianVCechov
"Metan, oktan, satan, hrtan...jÃ¡ se na to mÅ¯Å¾u......ğŸ™„",PatricieBohony
NehrajuğŸ¤¯,LucieKpax
"Ano i ne, nÃ¡stÄ›nkÃ¡Å™ to rozsoudÃ­.",Ivar
"Archu, ty bÃ­dÃ¡ku!",PatricieBohony
NeostÃ½chejte se mi nalÃ­t ÄistÃ©ho vÃ­na. ,DamianVCechov
StÅ™edeÄnÃ­ soutÄ›Å¾ sucks (SSS),Zu
"NesundÃ¡vej kalhoty,, kdyÅ¾ brod je jeÅ¡tÄ› daleko.",Arch
Tak tohle jsem netrefila. ğŸ¤ª,PolulinaP
"Dnes pÅ™ijel tatÃ­nek z polepÅ¡ovny, ale zuby netrhal.",Ivar
ZÃ­tra jdu k zubaÅ™i! Kdo mi pomÅ¯Å¾e? Kdo mÄ› ochrÃ¡nÃ­? HlavnÄ› pÅ™ed tou jeho fakturou!ğŸ˜±,DamianVCechov
HrobnÃ­kovi z lopaty to je dÅ¯vod zpÃ­vati.,Ivar
KterÃ½ kujÃ³n to vymyslel?!?!ğŸ¤”,PatricieBohony
ZÃ¡sadnÄ› proti takovÃ©mu slovu protestuji. ZÃ¡sadnÄ›. ,Zu
Zoubky mÃ¡m jak hvÄ›zdiÄky. Å½lutÃ© a daleko od sebe.,DamianVCechov
"JasnÄ›, Å¾e se to sprÃ¡vnÄ› pÃ­Å¡e s dlouhÃ½m Ã“ ğŸ˜ƒ",klara_kafkova
"DamiÃ¡ne, tohle je boÅ¾Ã­ prostor pro luÅ¡titele! ğŸ˜˜",RoztrÅ¾itÃ¡
We must all face the choice between what is right and what is easy. ,Zu
Å upitoprestopronto,DamianVCechov
To se nemohli normÃ¡lnÄ› vyÄÅ¯rat?,JStudynka
To je teda mizÃ©rie zase ğŸ˜¡,RoztrÅ¾itÃ¡
Dnes drÅ¾Ã­me tlapky ğŸ¤—,PolulinaP
Hraje kromÄ› OveÄky a mÄ› jeÅ¡tÄ› nÄ›kdo v A kategorii nebo tu mÃ¡me jen samÃ© B?,Ivar
â€ ,DamianVCechov
Zas tady :-),3000Promluvil
MistÅ™i ğŸ’ªğŸ¤—,PolulinaP
VÅ¾dyÅ¥ jdu aÅ¾ ve Ätvrtek.,Ivar
Je pondÄ›lÃ­. ,Zu
ğŸ˜ˆ,DamianVCechov
Tenhle tÃ½den nenÃ­ mÃ½m tÃ½dnem.,Ivar
"""NovÃ© lÅ¾i se poslouchajÃ­ lÃ©pe neÅ¾ starÃ© pravdy."" A. P. ÄŒechov ",PolulinaP
Joâ¤ï¸,LucieKpax
"From hero, to zero ğŸ¤¨",JStudynka
HÃ¡danÃ© slovo sluÅ¡nÄ› reflektuje dneÅ¡nÃ­ den. ,Zu
To zas byla jÃ­zda ğŸ™ˆ,PatricieBohony
"Nafta, do Äeho ji naleji?",Ivar
"VÃ­m, Å¾e uÅ¾ jsem trapnÃ¡, ale fakt to nedÄ›lÃ¡m schvÃ¡lnÄ› ğŸ™",RoztrÅ¾itÃ¡
MÃ¡m vymyÅ¡lenÃ½ slova na pÅ™Ã­Å¡tÃ­ stÅ™edu. ğŸ«£,Zu
MÃ¡m to s vÃ¡mi kÅ™Ã­Å¾.ğŸ˜,DamianVCechov
"Jak poetickÃ©, kdyÅ¾ jsem dnes zkoumal FVE :D",michal_recz
K Äemu mi sekyrka? K hovnu!,Ivar
ÄŒtvrtky jsou depresivnÃ­. ,Zu
Tvary jednoho slova ... fuj.,Ivar
TralalÃ¡Äek,DamianVCechov
Lucerna hereğŸ‘,LucieKpax
I am fucking good king!,Ivar
Dneska budu milÃ¡ na Damiana. ,Zu
"Kdybych jÃ¡ tu Å¡kolu nelajdal, kde jÃ¡ mohl bejt.",Ivar
ğŸ«£,LucieKpax
"VÄera dogma, dneska tohle. ",Zu
NejmÃ­Åˆ 5 vteÅ™in jsem ztratil hledÃ¡nÃ­m â€œXâ€â€¦ ğŸ™ˆ,Arch
Nejsem Å¾Ã¡dnÃ½m prorokem.,Ivar
Chjo,DamianVCechov
Miluju Äerven,Zu
Kytky. ,Zu
Mrcha jedna!,PatricieBohony
I Ätvrtek mÅ¯Å¾e bÃ½t krÃ¡snÃ½,Zu
TakÅ¾e pÃ¡Å™it to nebyloğŸ¤£,LucieKpax
PÃ¡bitel pÃ¡bÃ­.,Ivar
Damian je nejlepÅ¡Ã­. â˜ï¸,Arch
LiÅ¡ÄÃ­ smyÄku umÃ­m!,Ivar
dnes jsem to provÃ¡hala ,Zu
MarionetÃ¡Ã¡Ã¡Ã¡.,Ivar
"To napÄ›tÃ­ je straÅ¡nÃ©. DoufÃ¡m, Å¾e potrvÃ¡. ",Zu
JÃ¡ moc plaÄu ğŸ˜­ğŸ˜­ğŸ˜­,JStudynka
Nejsem si jistÃ¡ tÃ­m slovem ğŸ˜‡,PolulinaP
ÄŒelÃ¡dko nezdÃ¡rnÃ¡!,DamianVCechov
Tmou,Ivar
ğŸ˜¤ğŸ˜¤ğŸ˜¤ğŸ˜¤ğŸ˜¤,Arch
ğŸ‘ğŸ‘ğŸ‘ğŸ‘ğŸ‘ğŸ‘ğŸ‘,Zu
"Lidi, jak to dÄ›lÃ¡te?",DamianVCechov
Tak dneska slova vybirat nebudu.,Zu
"RadÄ›ji jsem nemÄ›la ten romÃ¡n, radÄ›ji jsem nemÄ›la ho ÄÃ­st... snad ani list",DamianVCechov
"TakovÃ¡ smÅ¯la, takovÃ¡ velikÃ¡ smÅ¯la!",RoztrÅ¾itÃ¡
PoznÃ¡mka ve fialovÃ©m banneru. ,Zu
Co to je zas za slovo? ğŸ¤¦â€â™‚ï¸,JStudynka
DneÅ¡nÃ­ slovo si jÃ¡ spokuji s muÅ¾skÃ½m rodem â˜ï¸ğŸ¤”,PolulinaP
ÃšplnÄ› peckovnÃ­ slova,DamianVCechov
SkvÄ›lÃ½ vÃ½bÄ›r slov ğŸ˜…ğŸ˜…,PolulinaP
Dnes opravdu nemÃ¡m slov!!!,RoztrÅ¾itÃ¡
"Nebylo zÃ¡bavnÄ›jÅ¡Ã­ hrÃ¡t podle KOKOT, KOKON, KOKOS?",Arch
Velice originÃ¡lnÃ­ ğŸ¤­,PatricieBohony
SobÃ½ hnusec,Zu
"Bye, bye ğŸ‘‹",JStudynka
BludiÄka lÃ¡ka na ÄervenÃ© svÄ›tÃ½lko. Nenech se nalÃ¡kat.,Ivar
NeÅ¡Å¥ourejte do bodovÃ¡nÃ­,Zu
PiÄovina dnes fakt uÅ¾,LucieKpax
TakovÃ¡ sprostosÅ¥!ğŸ˜±,PatricieBohony
"moje prvnÃ­, dÃ­ky Zu za omylem doporuÄenÃ­, snad s vÃ¡ma budu hrÃ¡t pravidelnÄ›, pÃ­Å¡u si to do kalendÃ¡Å™e :) twitter MarianSamal",mariansam
Å½elviÄka,Zu
yeeeyy,mariansam
ğŸ¤¦â€â™€ï¸ğŸ¤¦ğŸ¤¦â€â™‚ï¸,drQuarz
"Ano, dnes vyhraju!",Ivar
ğŸ‘¨â€âš•ï¸ > ğŸ¦â€â¬›,drQuarz
Fotbal,Zu
UÅ¾ jsem byl.,Ivar
hihi,mariansam
"""BrÃ¡ny svÃ© vÄ›znice si nese kaÅ¾dÃ½ ÄlovÄ›k sobÄ›"" J. P. Sartre",PolulinaP
Nebylo tady tohle slovo tak pred mÄ›sÃ­cem? ,Zu
MÄ›lo to bÃ½t toÄitâ˜ï¸,LucieKpax
pis on jÃº tÃº!,drQuarz
Dneska by to Å¡lo ğŸ˜,klara_kafkova
mÃ¡m pÅ™ehÅ™Ã¡tÃ½ mozek,PolulinaP
PostÅ™eh! ,Zu
Jupiiii! Je pÃ¡tek ğŸ˜Š,PatricieBohony
MuÅ¡ka,Ivar
Dnes to na bednu nebude.ğŸ« ,klara_kafkova
Tak na bednu to dnes nevypadÃ¡,PolulinaP
170716011622010515120512,Ivar
"Kobra nebo korba, jedno z toho. ",Zu
Tak co? ,Zu
26011434072407162824121619161528291226,Ivar
3407 ...,Ivar
PondÄ›lÃ­,Zu
NenÃ­ Å¾lutÃ¡ jako zelenÃ¡,TonyV
MÃ¡m clonu na mozku :( fÅˆuk,RoztrÅ¾itÃ¡
jsem ÄistokrevnÃ½ debil,PolulinaP
SvinÄ› jednyğŸ¤¨,PatricieBohony
Navrhuji AntonÃ­na rituÃ¡lnÄ› obÄ›tovat.,Ivar
StÅ™edeÄnÃ­ vÃ½zva sucks,Zu
To je slovo do pranice! ,Ivar
"VÅ¡imli jste si, Å¾e Ätvrtky tak nÄ›jak determinujÃ­ tÃ½den? DobrÃ½ Ätvrtek = dobrÃ½ tÃ½den. No, tak tento to nebyl.",Zu
"ZkusÃ­m ti poslat nÄ›jakou kaÄku na kafe. Jestli mi to pÅ¯jde stejnÄ› dobÅ™e jako hÃ¡dÃ¡nÃ­, tak se snad nÄ›kdy doÄkÃ¡Å¡. ğŸ˜‚",klara_kafkova
zaÅ¾iva,Ivar
PrÃ¡zdniny!,Zu
Vrrr,Ivar
PrÃ¡zdniny!,Zu
PodvÃ³Ã³Ã³d,Ivar
Dneska nemÃ¡m poetickou poznÃ¡mku. ,Zu
"dnes jsem byla u Å¾ubaÅ¾e, to mÄ› omlouvÃ¡ ",PolulinaP
Dnes jsem vykadil jedno z nejvÄ›tÅ¡Ã­ch hovÃ­nek mÃ©ho Å¾ivota. Za co si zaslouÅ¾Ã­te pochvalu Vy?,Ivar
s takovÃ½mi slovy aÅ¥ se jdou vycpat,PolulinaP
Souboj :-),Zu
Od desÃ­ti k pÄ›ti â˜¹ï¸,RoztrÅ¾itÃ¡
"Brum, brum,brum, brum - nejdemi to do kebule; brum,brum, brum, brum - nejde mi to na rozum.",Ivar
hanba mÄ› fackuje,PolulinaP
moje poznÃ¡mky se nepromÃ­tajÃ­ ğŸ“½ï¸,drQuarz
"PÅ™ijel bratr, pÅ™ijelo dÅ™evo - vÃ½bornÃ© naÄasovÃ¡nÃ­, jÃ¡Å™ku, vÃ½bornÃ©.",Ivar
PoznÃ¡mka ,DamianVCechov
"DamiÃ¡ne, jÃ¡ jsem tak rÃ¡da, Å¾e uÅ¾ to nemusÃ­m zadÃ¡vat ruÄnÄ›! KdyÅ¾ jsem ÃºplnÄ› vyÅ¡Å¥avenÃ¡ ğŸ˜DÄ›kuju, dÄ›kuju, dÄ›kuju!",RoztrÅ¾itÃ¡
"PenÃ­ze, furt jenom penÃ­ze. KaÅ¾dÃ½ kdo to uhÃ¡dl v Å™Ã¡du niÅ¾Å¡Ã­ch desÃ­tek vteÅ™in je mamonÃ¡Å™!",Ivar
yessss!,PolulinaP
Future hovno,Ivar
ğŸ‘¨â€âš•ï¸ > ğŸ¦â€â¬›,drQuarz
Akce - to je moje!,Ivar
JÃ¡tra,Zu
To jsem neÄekal ,DamianVCechov
"PondÄ›lÃ­, zase pondÄ›li",Zu
To byla ale blbostâ˜ï¸,LucieKpax
"DobrÃ¡ slova, Damiane.",Ivar
ZabitÃ¡ hraâ€¦ ğŸ¤·â€â™‚ï¸,Arch
Å edÃ½,Zu
"MÃ¡m rychlÃ½ mozek, ale pomalÃ© prsty. â˜¹ï¸",NocniDuha
super slova :) ,PolulinaP
DneÅ¡nÃ­ slovo je skuteÄnÄ› dÄ›s! ,Zu
Hm.,Ivar
A pÅ™itom ho miluji.,Ivar
ÄŒervenÃ½ i ÄernÃ½,Zu
To jÃ¡ rÃ¡d.,Ivar
"To je tak kdyÅ¾ spÄ›chÃ¡m a chci to stihnout pÅ™ed fotbalem, fix.",Ivar
Chyba,Ivar
To nenÃ­ğŸ¤¯,LucieKpax
I am King!,Ivar
to byl zase vÃ½kon,PolulinaP
Vrrr,Ivar
"Infinitiv, infinitiv, infinitiv!",Zu
Tento zpÅ¯sob lÃ©ta zdÃ¡ se mi ponÄ›kud neÅ¡Å¥astnÃ½m,DamianVCechov
Vrrr,Ivar
"Ano, lze dÃ¡t 3x pÃ­smenko na Å¡patnou pozici.",Ivar
PoznÃ¡mky nÃ¡m nÄ›jak chÃ¡trajÃ­...,DamianVCechov
Å tÃ­pla mÄ› vÄela.,Zu
"NovÃ½ tÃ½den, starÃ© vÃ½sledky",Ivar
JÃ¡ su tak Å¡Å¥astnÃ©!,Ivar
Postav tÅ™eba zeÄ ,DamianVCechov
SvinÄ› tabulky ğŸ« ,DamianVCechov
Navy a stÅ™Ã­brnÃ¡,Zu
Konec dovolenÃ©,Zu
"PoznÃ¡mky, poznÃ¡mky, vÅ¡em VÃ¡m rozdÃ¡m poznÃ¡mky!",DamianVCechov
Jak jako nefunguje?,Ivar
ZatracenÃ½ pÅ™eklepy,Zu
Pche.,JStudynka
Tak snad to bude fungovat,DamianVCechov
Juch!,Ivar
ZatracenÃ½ pÅ™eklepy,Zu
Morie,Ivar
"To jste mi nemohli Å™Ã­ct, Å¾e uÅ¾ je stÅ™eda :-/",Buresova_M
Jak ve starÃ©m Å˜ecku.,DamianVCechov
UÅ¾ je srpen,Zu
Mrfly.,JStudynka
"Dnes to byl neÃºspÄ›Å¡nÃ½ souboj se Å¾lutÃ½mi ÄtvereÄky, najÃ­t co nejvÃ­ce nesprÃ¡vnÃ½ch slov se sprÃ¡vnÃ½mi pÃ­smeny. ğŸ™ˆğŸ˜­",NocniDuha
Zdenda saje,drQuarz
VÅ¡echno je piÄou ke zdi.,Ivar
Moje nervyğŸ˜œ,LucieKpax
Uf. ,Zu
?,Ivar
MÃ¡m tu vzkaz pro ZbyÅˆÄu:    https://lustitele.chytrak.cz/ivar.php,DamianVCechov
"Damiane, dÄ›kuji Ti. Je to moc hezkÃ©. Havran i krÃ¡kÃ¡, jsi velmi Å¡ikovnÃ½ hoch. JeÅ¡tÄ› jednou dÃ­ky.",Ivar
JÃ¡ su tady neÅ¡Å¥astnej a kaÅ¾dÃ½mu je to jedno.,JStudynka
zbyÅˆÄa trucuje,drQuarz
"To jsem rÃ¡d, ZbyÅˆku ğŸ˜‰",DamianVCechov
D - potÄ›Å¡enÃ­ je na mÃ© stranÄ›. Q - ale kdeÅ¾e. JS - to uÅ¾ se tak stÃ¡vÃ¡.,Ivar
"ZbyÅˆku, urÄitÄ› Ti chybÃ­me stejnÄ› jako Ty nÃ¡m, uÅ¾Ã­vej lÃ©ta a opatruj se :)",PolulinaP
Mazec ğŸ¤¯,JStudynka
P taky si uÅ¾Ã­vejte zbytek prÃ¡zdnin.,Ivar
Kurva jedna.,JStudynka
SpoleÄnice,DamianVCechov
ChybÃ­ mi tu instantnÃ­ moudrosti.,RoztrÅ¾itÃ¡
"ZbyÅˆku! 73,4! ",Zu
Zu - gratuluji. Vytrvej. ,Ivar
Damian je tabulek krÃ¡l!ğŸ˜˜,PatricieBohony
"DÄ›kuju, PÃ¡Å¥o. VÅ¡ichni jste bombastiÄtÃ­! ğŸ˜˜",DamianVCechov
Moje nervyğŸ«¶,LucieKpax
"ZbyÅˆku, posÃ­lÃ¡m velkou gratulaci ke zlatu ",DamianVCechov
RozporuplnÃ© pocity.,Zu
D - dÄ›kuji.,Ivar
Dami je hvÄ›zdaâ¤ï¸,LucieKpax
"VÄ›Å™te LucÃ­, Dami je hvÄ›zda ğŸŒŸ ğŸ˜",DamianVCechov
Datel je Å¡plhavec a mÃ¡ dva vratiprsty.,JStudynka
"LÃ¡ska je slepÃ¡, ale sousedky nikdy!",Zu
"ZbyÅˆku, vÃ½kon je pomÄ›r bodÅ¯ za Äas. ÄŒÃ­m vÃ­c bodÅ¯ nasbÃ­rÃ¡Å¡ za kratÅ¡Ã­ Äas se tady ukÃ¡Å¾e. 
A ÃºÄast je ten Äas v procentech vÅ¯Äi ostatnÃ­m. VÅ¡ichni dohromady v kaÅ¾dÃ©m obdobÃ­ majÃ­ 100% ÃºÄast.ğŸ¤— 
Jsou to jen hodnoty pro pÅ™esnÄ›jÅ¡Ã­ srovnÃ¡vÃ¡nÃ­ mezi sebou. ğŸ™‚",DamianVCechov
"Damiane, co znamenÃ¡jÃ­ kolonky ÃºÄast a vÃ½kon?",Ivar
Jak mÃ¡ mÃ­t ÄlovÄ›k nÄ›jakou motivaci? ,Zu
"Tak to nechÃ¡pu, ale to neva. NejlepÅ¡Ã­ by byl prÅ¯mÄ›r umÃ­stÄ›nÃ­, 
to by bylo nejvÃ­c vypovÃ­dajÃ­cÃ­. Jednou druhÃ½, jednou sedmÃ½
a jednou dvanÃ¡ctÃ½ = 21:3 = Ã˜ umÃ­stÄ›nÃ­ 7. Od 6. do 20. je to 
za stejnÃ© body coÅ¾ to bodovÃ¡nÃ­ devalvuje. Ale zÃ¡leÅ¾Ã­ co na to ostatnÃ­.",Ivar
"Budu nad tÃ­m uvaÅ¾ovat, ZbyÅˆku. NÃ¡pad to nenÃ­ vÅ¯bec zlÃ½. Co dÃ­m zlÃ½... 
vÅ¡ak je ÃºplnÄ› skvÄ›lÃ½. A taky nÃ¡m budu muset vymyslet lepÅ¡Ã­
dorozumÃ­vacÃ­ kanÃ¡l. ğŸ˜ƒ",DamianVCechov
Zetor! ,Zu
"Nikdo neprotestuje, hlavnÄ› Zuzka ne, takÅ¾e bych to bral za schvÃ¡lenÃ©. UpÅ™ednostnil bych to i pÅ™ed bodovÃ¡nÃ­m.",Ivar
Na damian@lustitele.chytrak.cz jsem ti poslal e-mail neb tu se mi to brÃ¡nÃ­ kvÅ¯li dÃ©lce.  :-),Ivar
"PÅ™Ã­sahÃ¡m, Å¾e jsem nepodvÃ¡dÄ›l!",Ivar
"neuvÄ›Å™itelnÃ© :)))) a ZbyÅˆku, nevymÃ½Å¡lej kraviny a vraÅ¥ se!! ",PolulinaP
Hawk tuah!,JStudynka
DamiÃ¡n je BÅ¯h!,RoztrÅ¾itÃ¡
Norma. PrÃ½ norma. ,Zu
JÃ¡ flÃ¡kal se tam s kvÃ©rem.,Ivar
jeÅ¡tÄ› 2 tÃ½dny prÃ¡zdnin,Zu
JeÅ¡tÄ›Å¾e nebyly tÅ™i.,Ivar
ğŸ™ˆ,Zu
WTF SÃ©gra,LucieKpax
"Lalala-lÃ¡Ã¡, lalala-lÃ¡Ã¡",DamianVCechov
Vedro je vedro je peklo jÃ¡ umÅ™u a v nebi mi bude koneÄnÄ› chladno aÅ¾ na dno oceÃ¡nu se podÃ­vÃ¡m a vdechnu myÅ¡lenku na dÃ¡lku tam co padÃ¡ a bouÅ™Ã­ a ve stÃ­nu kouÅ™Ã­ maliÄkÃ½ oheÅˆ je konec je konec.,RoztrÅ¾itÃ¡
Poeticky prÅ¡Ã­,Zu
Å elma.,Ivar
"ZbyÅˆku, poÅ™Ã¡d TÄ› vyhlÃ­Å¾Ã­m! Opatruj se a vylez z nory! :)",PolulinaP
Na brambory **** pes!,RoztrÅ¾itÃ¡
To je sloÅ¾itÃ½ se zapsat ğŸ¤¦ğŸ»,DonPandero
"Mistr JmenovaÄ, tak mÄ› nazÃ½vajÃ­.",Ivar
FrekvenÄnÃ­ analÃ½za,Zu
uzÃ¡vÄ›rka Å¡patnÃ¡,drQuarz
Ten by mi jeÅ¡tÄ› schÃ¡zel.,Ivar